academy,score
Ponyville,68.9
Ponyville,87.8
Ponyville,65.3
Ponyville,76.6
Ponyville,90.5
Ponyville,70.9
Ponyville,72
Ponyville,70.6
Ponyville,73.6
Ponyville,77.2
Ponyville,86.4
Ponyville,69.2
Ponyville,66.8
Ponyville,74.7
Ponyville,66.9
Ponyville,74.8
Ponyville,70.9
Ponyville,57.4
Ponyville,78
Ponyville,73.8
Ponyville,83.7
Ponyville,84
Ponyville,88.5
Ponyville,82
Ponyville,83
Ponyville,73.5
Ponyville,88.1
Ponyville,88.7
Ponyville,70.4
Ponyville,68.8
Ponyville,78.7
Ponyville,85.4
Cloudsdale,100
Cloudsdale,91.8
Cloudsdale,94.1
Cloudsdale,89.6
Cloudsdale,72.9
Cloudsdale,64.5
Cloudsdale,66.5
Cloudsdale,80.3
Cloudsdale,94.7
Cloudsdale,74.7
Cloudsdale,80.9
Cloudsdale,97.6
Cloudsdale,77.6
Cloudsdale,86.3
Cloudsdale,74
Cloudsdale,77.6
Cloudsdale,75.3
Cloudsdale,80.9
Cloudsdale,93.9
Cloudsdale,83.1
Cloudsdale,90.2
Cloudsdale,76.5
Cloudsdale,80.5
Cloudsdale,73.6
Cloudsdale,87.9
Cloudsdale,80.5
Cloudsdale,81
Cloudsdale,83.5
Cloudsdale,71.8
Cloudsdale,88.8
Cloudsdale,76.6
Cloudsdale,85.7
Manehattan,76.5
Manehattan,80.1
Manehattan,65.1
Manehattan,80.4
Manehattan,72.2
Manehattan,80.6
Manehattan,81.3
Manehattan,81.1
Manehattan,85.9
Manehattan,83.3
Manehattan,86.5
Manehattan,81.7
Manehattan,91.3
Manehattan,84
Manehattan,84.6
Manehattan,78.2
Manehattan,87.2
Manehattan,68.2
Manehattan,91.3
Manehattan,82.8
Manehattan,88.7
Manehattan,77
Manehattan,100
Manehattan,79
Manehattan,82.4
Manehattan,78.6
Manehattan,90.9
Manehattan,74
Manehattan,87.7
Manehattan,90.7
Manehattan,91.4
Manehattan,86.3
