district,commute_minutes
Ponyville,31.7
Ponyville,28.7
Ponyville,34
Ponyville,23.5
Ponyville,18.4
Ponyville,34.7
Ponyville,24.7
Ponyville,23.4
Ponyville,22.1
Ponyville,15.6
Ponyville,19.9
Ponyville,24.3
Ponyville,27.1
Ponyville,36.2
Ponyville,24.8
Ponyville,16.8
Ponyville,30
Ponyville,18.2
Ponyville,10.7
Ponyville,22.5
Ponyville,16.2
Ponyville,28.7
Ponyville,15.5
Ponyville,29.4
Ponyville,23.7
Ponyville,31.2
Ponyville,37.1
Ponyville,27.9
Ponyville,25.7
Ponyville,25.5
Cloudsdale,32
Cloudsdale,18.1
Cloudsdale,20.3
Cloudsdale,31.3
Cloudsdale,32
Cloudsdale,25.3
Cloudsdale,22.7
Cloudsdale,30.2
Cloudsdale,32
Cloudsdale,24.8
Cloudsdale,18.1
Cloudsdale,25.9
Cloudsdale,25.9
Cloudsdale,24
Cloudsdale,22.1
Cloudsdale,21
Cloudsdale,20.7
Cloudsdale,30.5
Cloudsdale,28.2
Cloudsdale,38.8
Cloudsdale,23.9
Cloudsdale,17
Cloudsdale,31
Cloudsdale,29.4
Cloudsdale,36.6
Cloudsdale,39.1
Cloudsdale,5.2
Cloudsdale,25.1
Cloudsdale,31.7
Cloudsdale,21.7
Manehattan,20.5
Manehattan,33.4
Manehattan,31.5
Manehattan,33.5
Manehattan,15
Manehattan,23.1
Manehattan,36.6
Manehattan,21.7
Manehattan,22.7
Manehattan,24.4
Manehattan,31.7
Manehattan,27.4
Manehattan,17
Manehattan,31.8
Manehattan,21.6
Manehattan,30.7
Manehattan,25.6
Manehattan,17.9
Manehattan,27.6
Manehattan,26.8
Manehattan,38.9
Manehattan,31.9
Manehattan,21.4
Manehattan,14.7
Manehattan,34.3
Manehattan,24.5
Manehattan,32.6
Manehattan,29.7
Manehattan,30.4
Manehattan,41.4
Canterlot,31.3
Canterlot,26.8
Canterlot,35.1
Canterlot,36.8
Canterlot,26.8
Canterlot,18.5
Canterlot,22.6
Canterlot,27.1
Canterlot,25
Canterlot,27.2
Canterlot,23.3
Canterlot,37
Canterlot,34.8
Canterlot,24.3
Canterlot,28.8
Canterlot,27.1
Canterlot,7.8
Canterlot,26.4
Canterlot,24
Canterlot,33
Canterlot,16.4
Canterlot,34.8
Canterlot,29.9
Canterlot,23.5
Canterlot,22.7
Canterlot,31.9
Canterlot,16.3
Canterlot,17.6
Canterlot,37.5
Canterlot,46.6
