district,response_minutes
Ponyville,6.6
Ponyville,8.7
Ponyville,14.7
Ponyville,12.5
Ponyville,9.4
Ponyville,8.2
Ponyville,10.8
Ponyville,7.2
Ponyville,4.3
Ponyville,4.6
Ponyville,3
Ponyville,1.2
Ponyville,9.3
Ponyville,6.8
Ponyville,8.1
Ponyville,7.9
Ponyville,1.4
Ponyville,4.5
Ponyville,2.2
Ponyville,9.3
Ponyville,9.6
Ponyville,8.1
Ponyville,7.7
Ponyville,10.4
Ponyville,11.9
Ponyville,6
Ponyville,6.3
Ponyville,3.6
Ponyville,7.4
Ponyville,9.4
Cloudsdale,6.5
Cloudsdale,3.2
Cloudsdale,8.4
Cloudsdale,6.6
Cloudsdale,8.7
Cloudsdale,6.4
Cloudsdale,3.3
Cloudsdale,5.1
Cloudsdale,6.9
Cloudsdale,5.4
Cloudsdale,5.4
Cloudsdale,13.1
Cloudsdale,2.3
Cloudsdale,5.3
Cloudsdale,5.5
Cloudsdale,13.3
Cloudsdale,4.3
Cloudsdale,7.8
Cloudsdale,6.2
Cloudsdale,7.1
Cloudsdale,5
Cloudsdale,14.7
Cloudsdale,8.2
Cloudsdale,5.1
Cloudsdale,6.7
Cloudsdale,2.1
Cloudsdale,9.9
Cloudsdale,3.5
Cloudsdale,12.6
Cloudsdale,11.3
Manehattan,10.1
Manehattan,6
Manehattan,11.2
Manehattan,6.5
Manehattan,8.3
Manehattan,8.7
Manehattan,3.6
Manehattan,9.8
Manehattan,4.2
Manehattan,7.8
Manehattan,7.4
Manehattan,1.5
Manehattan,11.6
Manehattan,5.9
Manehattan,5.5
Manehattan,7.3
Manehattan,10.8
Manehattan,10.7
Manehattan,11.7
Manehattan,2.3
Manehattan,7.5
Manehattan,8.2
Manehattan,7.9
Manehattan,6.8
Manehattan,12.9
Manehattan,4.4
Manehattan,11.3
Manehattan,4.1
Manehattan,7.2
Manehattan,5.9
Canterlot,8.9
Canterlot,15.4
Canterlot,5.3
Canterlot,5
Canterlot,14.9
Canterlot,11.3
Canterlot,2.8
Canterlot,10
Canterlot,7.8
Canterlot,21.8
Canterlot,3.5
Canterlot,11.3
Canterlot,4.1
Canterlot,9
Canterlot,4.2
Canterlot,3.3
Canterlot,9.7
Canterlot,9.9
Canterlot,8.6
Canterlot,5.3
Canterlot,4.8
Canterlot,8
Canterlot,11.7
Canterlot,4.9
Canterlot,11
Canterlot,7.3
Canterlot,3.7
Canterlot,3.1
Canterlot,13.8
Canterlot,13.3
Baltimare,17.4
Baltimare,9.8
Baltimare,11
Baltimare,9.4
Baltimare,12.1
Baltimare,15.5
Baltimare,24.6
Baltimare,19
Baltimare,12.5
Baltimare,8.7
Baltimare,12.3
Baltimare,12.5
Baltimare,11.1
Baltimare,11.9
Baltimare,7.3
Baltimare,11.5
Baltimare,9.5
Baltimare,15.6
Baltimare,16
Baltimare,11.8
Baltimare,12.5
Baltimare,3.8
Baltimare,29
Baltimare,10.1
Baltimare,15
Baltimare,25.8
Baltimare,9.3
Baltimare,10.1
Baltimare,4.8
Baltimare,23.7
