district,citations
Ponyville,7
Ponyville,4
Ponyville,5
Ponyville,2
Ponyville,7
Ponyville,4
Ponyville,3
Ponyville,5
Ponyville,3
Ponyville,5
Ponyville,6
Ponyville,8
Ponyville,7
Ponyville,6
Ponyville,6
Ponyville,6
Ponyville,1
Ponyville,5
Ponyville,7
Ponyville,6
Ponyville,8
Ponyville,7
Ponyville,7
Ponyville,7
Ponyville,7
Ponyville,8
Ponyville,9
Ponyville,6
Ponyville,5
Ponyville,6
Ponyville,8
Ponyville,6
Cloudsdale,7
Cloudsdale,8
Cloudsdale,7
Cloudsdale,4
Cloudsdale,9
Cloudsdale,4
Cloudsdale,6
Cloudsdale,7
Cloudsdale,6
Cloudsdale,7
Cloudsdale,4
Cloudsdale,6
Cloudsdale,10
Cloudsdale,4
Cloudsdale,3
Cloudsdale,6
Cloudsdale,11
Cloudsdale,8
Cloudsdale,6
Cloudsdale,7
Cloudsdale,9
Cloudsdale,5
Cloudsdale,7
Cloudsdale,3
Cloudsdale,4
Cloudsdale,8
Cloudsdale,7
Cloudsdale,8
Cloudsdale,3
Cloudsdale,10
Cloudsdale,7
Cloudsdale,5
Manehattan,6
Manehattan,7
Manehattan,13
Manehattan,12
Manehattan,9
Manehattan,9
Manehattan,12
Manehattan,15
Manehattan,15
Manehattan,16
Manehattan,8
Manehattan,11
Manehattan,9
Manehattan,9
Manehattan,9
Manehattan,8
Manehattan,10
Manehattan,13
Manehattan,10
Manehattan,8
Manehattan,9
Manehattan,11
Manehattan,14
Manehattan,15
Manehattan,7
Manehattan,10
Manehattan,12
Manehattan,16
Manehattan,16
Manehattan,8
Manehattan,7
Manehattan,10
Canterlot,6
Canterlot,10
Canterlot,10
Canterlot,9
Canterlot,5
Canterlot,12
Canterlot,7
Canterlot,3
Canterlot,5
Canterlot,7
Canterlot,11
Canterlot,6
Canterlot,3
Canterlot,10
Canterlot,12
Canterlot,4
Canterlot,4
Canterlot,4
Canterlot,10
Canterlot,11
Canterlot,6
Canterlot,5
Canterlot,6
Canterlot,7
Canterlot,7
Canterlot,4
Canterlot,7
Canterlot,11
Canterlot,3
Canterlot,3
Canterlot,3
Canterlot,8
