row,bushels
Red Delicious Row,42.2
Red Delicious Row,45.3
Red Delicious Row,42.1
Red Delicious Row,31.5
Red Delicious Row,45.9
Red Delicious Row,42.9
Red Delicious Row,36.5
Red Delicious Row,43.8
Red Delicious Row,42.4
Red Delicious Row,41.9
Red Delicious Row,40.2
Red Delicious Row,43.6
Red Delicious Row,35.2
Red Delicious Row,38.9
Red Delicious Row,36.9
Red Delicious Row,43.9
Red Delicious Row,40.3
Red Delicious Row,38.1
Honeycrisp Row,36.4
Honeycrisp Row,39.8
Honeycrisp Row,41.6
Honeycrisp Row,39.7
Honeycrisp Row,49.9
Honeycrisp Row,48.0
Honeycrisp Row,23.9
Honeycrisp Row,29.2
Honeycrisp Row,40.4
Honeycrisp Row,38.8
Honeycrisp Row,42.9
Honeycrisp Row,42.9
Honeycrisp Row,55.3
Honeycrisp Row,34.3
Honeycrisp Row,39.0
Honeycrisp Row,54.8
Honeycrisp Row,45.7
Honeycrisp Row,45.8
Zap Apple Row,35.7
Zap Apple Row,28.3
Zap Apple Row,40.1
Zap Apple Row,39.7
Zap Apple Row,31.0
Zap Apple Row,34.6
Zap Apple Row,38.5
Zap Apple Row,32.9
Zap Apple Row,38.4
Zap Apple Row,39.6
Zap Apple Row,39.2
Zap Apple Row,35.7
Zap Apple Row,42.9
Zap Apple Row,44.8
Zap Apple Row,41.1
Zap Apple Row,33.7
Zap Apple Row,43.8
Zap Apple Row,35.7
