crew,unload_minutes
Anchor Crew,1.3
Anchor Crew,2.19
Anchor Crew,5.13
Anchor Crew,7.07
Anchor Crew,12.13
Anchor Crew,13.4
Anchor Crew,2.48
Anchor Crew,1.74
Anchor Crew,5.06
Anchor Crew,5.75
Anchor Crew,18.48
Anchor Crew,3.57
Anchor Crew,9.27
Anchor Crew,10.68
Anchor Crew,4.42
Anchor Crew,27.89
Anchor Crew,16.53
Anchor Crew,28.29
Anchor Crew,0.74
Anchor Crew,1.54
Tidewater Crew,0.92
Tidewater Crew,6.54
Tidewater Crew,19.33
Tidewater Crew,16.11
Tidewater Crew,8.24
Tidewater Crew,11.61
Tidewater Crew,10.22
Tidewater Crew,12.08
Tidewater Crew,5.83
Tidewater Crew,5.31
Tidewater Crew,2.29
Tidewater Crew,3.99
Tidewater Crew,14.64
Tidewater Crew,8.95
Tidewater Crew,20.11
Tidewater Crew,7.57
Tidewater Crew,3.92
Tidewater Crew,11.13
Tidewater Crew,36.97
Tidewater Crew,10.0
Saltmarsh Crew,10.08
Saltmarsh Crew,2.88
Saltmarsh Crew,5.63
Saltmarsh Crew,19.2
Saltmarsh Crew,4.55
Saltmarsh Crew,1.07
Saltmarsh Crew,11.61
Saltmarsh Crew,2.44
Saltmarsh Crew,2.52
Saltmarsh Crew,0.79
Saltmarsh Crew,7.78
Saltmarsh Crew,7.01
Saltmarsh Crew,8.64
Saltmarsh Crew,25.87
Saltmarsh Crew,3.83
Saltmarsh Crew,17.12
Saltmarsh Crew,3.35
Saltmarsh Crew,14.91
Saltmarsh Crew,2.67
Saltmarsh Crew,4.39
Driftwood Crew,5.94
Driftwood Crew,1.94
Driftwood Crew,14.08
Driftwood Crew,10.79
Driftwood Crew,0.77
Driftwood Crew,26.19
Driftwood Crew,7.52
Driftwood Crew,52.54
Driftwood Crew,23.09
Driftwood Crew,3.24
Driftwood Crew,11.25
Driftwood Crew,21.67
Driftwood Crew,93.75
Driftwood Crew,42.23
Driftwood Crew,10.67
Driftwood Crew,13.26
Driftwood Crew,42.21
Driftwood Crew,16.0
Driftwood Crew,44.26
Driftwood Crew,1.37
