collection,gem_count
Canterlot Couture,59.0
Canterlot Couture,57.0
Canterlot Couture,64.0
Canterlot Couture,59.0
Canterlot Couture,53.0
Canterlot Couture,61.0
Canterlot Couture,70.0
Canterlot Couture,67.0
Canterlot Couture,52.0
Canterlot Couture,47.0
Canterlot Couture,52.0
Canterlot Couture,58.0
Canterlot Couture,37.0
Canterlot Couture,56.0
Canterlot Couture,47.0
Ponyville Casual,81.0
Ponyville Casual,83.0
Ponyville Casual,85.0
Ponyville Casual,92.0
Ponyville Casual,97.0
Ponyville Casual,87.0
Ponyville Casual,100.0
Ponyville Casual,82.0
Ponyville Casual,91.0
Ponyville Casual,96.0
Ponyville Casual,89.0
Ponyville Casual,81.0
Ponyville Casual,80.0
Ponyville Casual,84.0
Ponyville Casual,90.0
Gala Elegance,113.0
Gala Elegance,120.0
Gala Elegance,121.0
Gala Elegance,127.0
Gala Elegance,124.0
Gala Elegance,125.0
Gala Elegance,116.0
Gala Elegance,121.0
Gala Elegance,129.0
Gala Elegance,135.0
Gala Elegance,111.0
Gala Elegance,136.0
Gala Elegance,134.0
Gala Elegance,129.0
Gala Elegance,124.0
