stall,sale_price_bits
Rustbolt's Relics,21.25
Rustbolt's Relics,18.93
Rustbolt's Relics,26.79
Rustbolt's Relics,21.06
Rustbolt's Relics,15.78
Rustbolt's Relics,23.63
Rustbolt's Relics,36.12
Rustbolt's Relics,30.76
Rustbolt's Relics,14.63
Rustbolt's Relics,11.37
Rustbolt's Relics,15.17
Rustbolt's Relics,20.46
Rustbolt's Relics,7.05
Rustbolt's Relics,18.2
Rustbolt's Relics,11.47
Rustbolt's Relics,14.45
Rustbolt's Relics,15.72
Rustbolt's Relics,17.42
Rustbolt's Relics,24.17
Rustbolt's Relics,32.11
Glimmering Wares,34.54
Glimmering Wares,67.69
Glimmering Wares,27.13
Glimmering Wares,42.87
Glimmering Wares,54.96
Glimmering Wares,38.18
Glimmering Wares,26.19
Glimmering Wares,24.17
Glimmering Wares,29.79
Glimmering Wares,40.41
Glimmering Wares,23.24
Glimmering Wares,33.31
Glimmering Wares,34.07
Glimmering Wares,46.68
Glimmering Wares,40.31
Glimmering Wares,42.94
Glimmering Wares,27.27
Glimmering Wares,34.52
Glimmering Wares,52.08
Glimmering Wares,71.67
Junker's Junction,37.84
Junker's Junction,131.8
Junker's Junction,122.2
Junker's Junction,94.78
Junker's Junction,75.11
Junker's Junction,57.9
Junker's Junction,128.52
Junker's Junction,161.11
Junker's Junction,150.02
Junker's Junction,120.52
Junker's Junction,78.32
Junker's Junction,38.72
Junker's Junction,66.55
Junker's Junction,89.61
Junker's Junction,37.35
Junker's Junction,79.66
Junker's Junction,80.92
Junker's Junction,91.21
Junker's Junction,39.14
Junker's Junction,49.51
