server,tip_bits
Sunny Skies,4.08
Sunny Skies,6.12
Sunny Skies,0.12
Sunny Skies,0.01
Sunny Skies,3.3
Sunny Skies,9.78
Sunny Skies,4.04
Sunny Skies,4.53
Sunny Skies,16.9
Sunny Skies,36.35
Sunny Skies,19.72
Sunny Skies,0.01
Sunny Skies,13.61
Sunny Skies,0.43
Sunny Skies,6.42
Sunny Skies,5.09
Sunny Skies,18.9
Sunny Skies,2.12
Sunny Skies,1.84
Sunny Skies,8.95
Sunny Skies,0.22
Sunny Skies,0.81
Caramel,6.59
Caramel,4.96
Caramel,11.12
Caramel,2.65
Caramel,2.87
Caramel,11.85
Caramel,11.04
Caramel,2.07
Caramel,1.35
Caramel,7.83
Caramel,3.45
Caramel,5.47
Caramel,6.71
Caramel,7.89
Caramel,18.74
Caramel,0.98
Caramel,9.38
Caramel,7.2
Caramel,12.15
Caramel,3.83
Caramel,3.0
Caramel,5.23
Lyra Heartstrings,1.53
Lyra Heartstrings,4.33
Lyra Heartstrings,0.62
Lyra Heartstrings,9.55
Lyra Heartstrings,13.22
Lyra Heartstrings,3.2
Lyra Heartstrings,18.34
Lyra Heartstrings,0.62
Lyra Heartstrings,1.62
Lyra Heartstrings,1.72
Lyra Heartstrings,4.43
Lyra Heartstrings,5.43
Lyra Heartstrings,3.11
Lyra Heartstrings,0.72
Lyra Heartstrings,11.59
Lyra Heartstrings,2.89
Lyra Heartstrings,0.66
Lyra Heartstrings,4.47
Lyra Heartstrings,1.72
Lyra Heartstrings,2.41
Lyra Heartstrings,1.46
Lyra Heartstrings,2.99
