"pony_id","treatment","pony_type","rehydration_time_min"
"HY001","Standard fluids","Earth pony",34.8
"HY002","Standard fluids","Earth pony",37.1
"HY003","Standard fluids","Earth pony",35.4
"HY004","Standard fluids","Earth pony",38
"HY005","Standard fluids","Earth pony",36.4
"HY006","Standard fluids","Earth pony",35.2
"HY007","Standard fluids","Earth pony",27.8
"HY008","Standard fluids","Earth pony",33.8
"HY009","Standard fluids","Earth pony",32.5
"HY010","Standard fluids","Earth pony",38.2
"HY011","Standard fluids","Earth pony",35.6
"HY012","Standard fluids","Earth pony",40.1
"HY013","Standard fluids","Earth pony",42.1
"HY014","Standard fluids","Earth pony",31.9
"HY015","Standard fluids","Earth pony",40.2
"HY016","Standard fluids","Pegasus",40.9
"HY017","Standard fluids","Pegasus",34.3
"HY018","Standard fluids","Pegasus",35.4
"HY019","Standard fluids","Pegasus",33.2
"HY020","Standard fluids","Pegasus",31.8
"HY021","Standard fluids","Pegasus",32.8
"HY022","Standard fluids","Pegasus",30.9
"HY023","Standard fluids","Pegasus",36.9
"HY024","Standard fluids","Pegasus",36.4
"HY025","Standard fluids","Pegasus",35.3
"HY026","Standard fluids","Pegasus",37.4
"HY027","Standard fluids","Pegasus",31
"HY028","Standard fluids","Pegasus",36.4
"HY029","Standard fluids","Pegasus",34.3
"HY030","Standard fluids","Pegasus",35.4
"HY031","Standard fluids","Unicorn",35.2
"HY032","Standard fluids","Unicorn",31.9
"HY033","Standard fluids","Unicorn",41.7
"HY034","Standard fluids","Unicorn",35.8
"HY035","Standard fluids","Unicorn",35.9
"HY036","Standard fluids","Unicorn",36
"HY037","Standard fluids","Unicorn",38.4
"HY038","Standard fluids","Unicorn",37.6
"HY039","Standard fluids","Unicorn",37.3
"HY040","Standard fluids","Unicorn",37.5
"HY041","Standard fluids","Unicorn",34.7
"HY042","Standard fluids","Unicorn",34.7
"HY043","Standard fluids","Unicorn",34.6
"HY044","Standard fluids","Unicorn",37.8
"HY045","Standard fluids","Unicorn",31.9
"HY046","Electrolyte fluids","Earth pony",27.8
"HY047","Electrolyte fluids","Earth pony",20.5
"HY048","Electrolyte fluids","Earth pony",25.4
"HY049","Electrolyte fluids","Earth pony",25.6
"HY050","Electrolyte fluids","Earth pony",28.5
"HY051","Electrolyte fluids","Earth pony",26.8
"HY052","Electrolyte fluids","Earth pony",27.1
"HY053","Electrolyte fluids","Earth pony",28.4
"HY054","Electrolyte fluids","Earth pony",24.3
"HY055","Electrolyte fluids","Earth pony",25.1
"HY056","Electrolyte fluids","Earth pony",26.8
"HY057","Electrolyte fluids","Earth pony",18.6
"HY058","Electrolyte fluids","Earth pony",24.5
"HY059","Electrolyte fluids","Earth pony",25.6
"HY060","Electrolyte fluids","Earth pony",27.6
"HY061","Electrolyte fluids","Pegasus",25.4
"HY062","Electrolyte fluids","Pegasus",22.5
"HY063","Electrolyte fluids","Pegasus",23.5
"HY064","Electrolyte fluids","Pegasus",19.4
"HY065","Electrolyte fluids","Pegasus",22.4
"HY066","Electrolyte fluids","Pegasus",29.4
"HY067","Electrolyte fluids","Pegasus",25.8
"HY068","Electrolyte fluids","Pegasus",23.3
"HY069","Electrolyte fluids","Pegasus",27.4
"HY070","Electrolyte fluids","Pegasus",26
"HY071","Electrolyte fluids","Pegasus",26.7
"HY072","Electrolyte fluids","Pegasus",25.1
"HY073","Electrolyte fluids","Pegasus",25.3
"HY074","Electrolyte fluids","Pegasus",22.7
"HY075","Electrolyte fluids","Pegasus",23.8
"HY076","Electrolyte fluids","Unicorn",24.7
"HY077","Electrolyte fluids","Unicorn",32
"HY078","Electrolyte fluids","Unicorn",29.4
"HY079","Electrolyte fluids","Unicorn",24.2
"HY080","Electrolyte fluids","Unicorn",29.5
"HY081","Electrolyte fluids","Unicorn",20.8
"HY082","Electrolyte fluids","Unicorn",28.2
"HY083","Electrolyte fluids","Unicorn",26.4
"HY084","Electrolyte fluids","Unicorn",30.3
"HY085","Electrolyte fluids","Unicorn",19
"HY086","Electrolyte fluids","Unicorn",25.1
"HY087","Electrolyte fluids","Unicorn",23.1
"HY088","Electrolyte fluids","Unicorn",28.2
"HY089","Electrolyte fluids","Unicorn",28.1
"HY090","Electrolyte fluids","Unicorn",27.1
