"pony_id","treatment","pony_type","postmeal_glucose_mg_dl"
"GL001","Standard feed","Earth pony",111.5
"GL002","Standard feed","Earth pony",102.9
"GL003","Standard feed","Earth pony",122.2
"GL004","Standard feed","Earth pony",109.1
"GL005","Standard feed","Earth pony",117.2
"GL006","Standard feed","Earth pony",111.7
"GL007","Standard feed","Earth pony",104.1
"GL008","Standard feed","Earth pony",104.4
"GL009","Standard feed","Earth pony",110.6
"GL010","Standard feed","Earth pony",112.3
"GL011","Standard feed","Earth pony",107.9
"GL012","Standard feed","Earth pony",116.1
"GL013","Standard feed","Earth pony",112.1
"GL014","Standard feed","Earth pony",106.3
"GL015","Standard feed","Earth pony",109.6
"GL016","Standard feed","Pegasus",105.8
"GL017","Standard feed","Pegasus",125.5
"GL018","Standard feed","Pegasus",119.5
"GL019","Standard feed","Pegasus",109.2
"GL020","Standard feed","Pegasus",106.1
"GL021","Standard feed","Pegasus",120.1
"GL022","Standard feed","Pegasus",110.2
"GL023","Standard feed","Pegasus",117.5
"GL024","Standard feed","Pegasus",113.7
"GL025","Standard feed","Pegasus",103.9
"GL026","Standard feed","Pegasus",115.8
"GL027","Standard feed","Pegasus",113.2
"GL028","Standard feed","Pegasus",120.1
"GL029","Standard feed","Pegasus",101.8
"GL030","Standard feed","Pegasus",104.7
"GL031","Standard feed","Unicorn",97
"GL032","Standard feed","Unicorn",100.2
"GL033","Standard feed","Unicorn",107.9
"GL034","Standard feed","Unicorn",107.7
"GL035","Standard feed","Unicorn",102.3
"GL036","Standard feed","Unicorn",111.8
"GL037","Standard feed","Unicorn",116.8
"GL038","Standard feed","Unicorn",107.6
"GL039","Standard feed","Unicorn",111.9
"GL040","Standard feed","Unicorn",113.8
"GL041","Standard feed","Unicorn",102.2
"GL042","Standard feed","Unicorn",112.9
"GL043","Standard feed","Unicorn",114.2
"GL044","Standard feed","Unicorn",107.4
"GL045","Standard feed","Unicorn",102.6
"GL046","High-fiber feed","Earth pony",78.9
"GL047","High-fiber feed","Earth pony",101.1
"GL048","High-fiber feed","Earth pony",92.6
"GL049","High-fiber feed","Earth pony",90.3
"GL050","High-fiber feed","Earth pony",98
"GL051","High-fiber feed","Earth pony",95.4
"GL052","High-fiber feed","Earth pony",86.5
"GL053","High-fiber feed","Earth pony",96.2
"GL054","High-fiber feed","Earth pony",99.2
"GL055","High-fiber feed","Earth pony",86.7
"GL056","High-fiber feed","Earth pony",81.6
"GL057","High-fiber feed","Earth pony",93.9
"GL058","High-fiber feed","Earth pony",88
"GL059","High-fiber feed","Earth pony",90.4
"GL060","High-fiber feed","Earth pony",92.4
"GL061","High-fiber feed","Pegasus",115.7
"GL062","High-fiber feed","Pegasus",113.3
"GL063","High-fiber feed","Pegasus",110.4
"GL064","High-fiber feed","Pegasus",117.6
"GL065","High-fiber feed","Pegasus",99.2
"GL066","High-fiber feed","Pegasus",116
"GL067","High-fiber feed","Pegasus",99.2
"GL068","High-fiber feed","Pegasus",119
"GL069","High-fiber feed","Pegasus",110.5
"GL070","High-fiber feed","Pegasus",113.3
"GL071","High-fiber feed","Pegasus",106.9
"GL072","High-fiber feed","Pegasus",106.7
"GL073","High-fiber feed","Pegasus",108.6
"GL074","High-fiber feed","Pegasus",99.7
"GL075","High-fiber feed","Pegasus",112.8
"GL076","High-fiber feed","Unicorn",117.3
"GL077","High-fiber feed","Unicorn",113.7
"GL078","High-fiber feed","Unicorn",111.4
"GL079","High-fiber feed","Unicorn",115.8
"GL080","High-fiber feed","Unicorn",107.5
"GL081","High-fiber feed","Unicorn",118.6
"GL082","High-fiber feed","Unicorn",118.6
"GL083","High-fiber feed","Unicorn",115.4
"GL084","High-fiber feed","Unicorn",129.3
"GL085","High-fiber feed","Unicorn",122.2
"GL086","High-fiber feed","Unicorn",103.6
"GL087","High-fiber feed","Unicorn",112.9
"GL088","High-fiber feed","Unicorn",104.7
"GL089","High-fiber feed","Unicorn",112
"GL090","High-fiber feed","Unicorn",119.6
