squad,lap_seconds
Thunderhead,60.4
Thunderhead,59.6
Thunderhead,62.0
Thunderhead,60.3
Thunderhead,58.3
Thunderhead,61.2
Thunderhead,64.2
Thunderhead,63.0
Thunderhead,57.7
Thunderhead,56.0
Thunderhead,58.0
Thunderhead,60.1
Thunderhead,52.6
Thunderhead,59.3
Thunderhead,56.0
Thunderhead,57.7
Thunderhead,58.3
Thunderhead,59.0
Thunderhead,61.3
Thunderhead,63.3
Stormwing,60.6
Stormwing,65.4
Stormwing,58.9
Stormwing,62.1
Stormwing,63.9
Stormwing,61.3
Stormwing,58.6
Stormwing,58.1
Stormwing,59.5
Stormwing,61.7
Stormwing,57.8
Stormwing,60.3
Stormwing,60.5
Stormwing,62.7
Stormwing,61.7
Stormwing,62.1
Stormwing,58.9
Stormwing,60.6
Stormwing,63.5
Stormwing,65.8
Skybolt,48.0
Skybolt,56.8
Skybolt,56.3
Skybolt,54.5
Skybolt,52.8
Skybolt,51.0
Skybolt,56.7
Skybolt,58.3
Skybolt,57.8
Skybolt,56.2
Skybolt,53.1
Skybolt,48.1
Skybolt,52.0
Skybolt,54.1
Skybolt,47.9
Skybolt,53.3
Skybolt,53.4
Skybolt,54.2
Skybolt,48.2
Skybolt,49.9
Downburst,58.1
Downburst,55.8
Downburst,65.1
Downburst,57.9
Downburst,60.6
Downburst,58.7
Downburst,64.6
Downburst,63.7
Downburst,61.5
Downburst,52.4
Downburst,59.7
Downburst,61.7
Downburst,62.7
Downburst,57.5
Downburst,65.3
Downburst,55.3
Downburst,57.4
Downburst,62.5
Downburst,59.7
Downburst,65.9
