platform,episodes_watched
StreamFlix,18
StreamFlix,15
StreamFlix,5
StreamFlix,3
StreamFlix,17
StreamFlix,7
StreamFlix,12
StreamFlix,14
StreamFlix,3
StreamFlix,4
StreamFlix,6
StreamFlix,7
StreamFlix,14
StreamFlix,4
StreamFlix,4
StreamFlix,4
StreamFlix,2
StreamFlix,6
StreamFlix,3
StreamFlix,4
StreamFlix,6
StreamFlix,3
StreamFlix,6
StreamFlix,17
StreamFlix,17
StreamFlix,3
StreamFlix,2
PrimateMax,12
PrimateMax,10
PrimateMax,9
PrimateMax,2
PrimateMax,7
PrimateMax,9
PrimateMax,13
PrimateMax,8
PrimateMax,4
PrimateMax,34
PrimateMax,10
PrimateMax,3
PrimateMax,13
PrimateMax,3
PrimateMax,2
PrimateMax,3
PrimateMax,21
PrimateMax,7
PrimateMax,11
PrimateMax,10
PrimateMax,4
PrimateMax,4
PrimateMax,2
PrimateMax,12
PrimateMax,2
PrimateMax,6
PrimateMax,2
CinemaPlus,2
CinemaPlus,8
CinemaPlus,3
CinemaPlus,4
CinemaPlus,5
CinemaPlus,10
CinemaPlus,9
CinemaPlus,6
CinemaPlus,4
CinemaPlus,5
CinemaPlus,5
CinemaPlus,4
CinemaPlus,4
CinemaPlus,7
CinemaPlus,4
CinemaPlus,6
CinemaPlus,7
CinemaPlus,4
CinemaPlus,4
CinemaPlus,5
CinemaPlus,4
CinemaPlus,4
CinemaPlus,28
CinemaPlus,21
CinemaPlus,11
CinemaPlus,4
