franchise,events_attended
Galaxian Wars,0
Galaxian Wars,6
Galaxian Wars,11
Galaxian Wars,0
Galaxian Wars,1
Galaxian Wars,2
Galaxian Wars,2
Galaxian Wars,2
Galaxian Wars,0
Galaxian Wars,1
Galaxian Wars,1
Galaxian Wars,4
Galaxian Wars,0
Galaxian Wars,1
Galaxian Wars,5
Galaxian Wars,4
Galaxian Wars,2
Galaxian Wars,2
Galaxian Wars,2
Galaxian Wars,2
Galaxian Wars,0
Galaxian Wars,2
Galaxian Wars,2
Galaxian Wars,3
Galaxian Wars,1
Marvel Legends,1
Marvel Legends,0
Marvel Legends,6
Marvel Legends,1
Marvel Legends,2
Marvel Legends,8
Marvel Legends,3
Marvel Legends,0
Marvel Legends,1
Marvel Legends,0
Marvel Legends,2
Marvel Legends,1
Marvel Legends,4
Marvel Legends,0
Marvel Legends,1
Marvel Legends,1
Marvel Legends,1
Marvel Legends,1
Marvel Legends,4
Marvel Legends,1
Marvel Legends,7
Marvel Legends,5
Marvel Legends,3
Marvel Legends,3
Marvel Legends,2
Wizard Chronicles,0
Wizard Chronicles,0
Wizard Chronicles,0
Wizard Chronicles,0
Wizard Chronicles,1
Wizard Chronicles,0
Wizard Chronicles,1
Wizard Chronicles,0
Wizard Chronicles,3
Wizard Chronicles,0
Wizard Chronicles,1
Wizard Chronicles,0
Wizard Chronicles,0
Wizard Chronicles,1
Wizard Chronicles,1
Wizard Chronicles,1
Wizard Chronicles,0
Wizard Chronicles,1
Wizard Chronicles,1
Wizard Chronicles,0
Wizard Chronicles,3
Wizard Chronicles,0
Wizard Chronicles,0
Wizard Chronicles,1
Wizard Chronicles,0
Dark Knight Studios,1
Dark Knight Studios,0
Dark Knight Studios,2
Dark Knight Studios,2
Dark Knight Studios,0
Dark Knight Studios,0
Dark Knight Studios,4
Dark Knight Studios,0
Dark Knight Studios,0
Dark Knight Studios,5
Dark Knight Studios,0
Dark Knight Studios,0
Dark Knight Studios,4
Dark Knight Studios,0
Dark Knight Studios,2
Dark Knight Studios,0
Dark Knight Studios,2
Dark Knight Studios,0
Dark Knight Studios,0
Dark Knight Studios,3
Dark Knight Studios,0
Dark Knight Studios,0
Dark Knight Studios,0
Dark Knight Studios,1
Dark Knight Studios,0
