program,performance_score
Classical Hero Academy,67.5161948275823
Classical Hero Academy,70.15858008413376
Classical Hero Academy,84.46966651319299
Classical Hero Academy,72.56406713139661
Classical Hero Academy,73.03430188128758
Classical Hero Academy,85.72051989506625
Classical Hero Academy,75.68732964791361
Classical Hero Academy,61.87951012314773
Classical Hero Academy,66.50517718485179
Classical Hero Academy,68.43470423920033
Classical Hero Academy,81.7926543795157
Classical Hero Academy,74.87851061645891
Classical Hero Academy,75.20617160475241
Classical Hero Academy,72.88546172756095
Classical Hero Academy,67.5532709219674
Classical Hero Academy,86.29530509442462
Classical Hero Academy,75.98280382583391
Classical Hero Academy,56.26706274696289
Classical Hero Academy,77.61084721250948
Classical Hero Academy,68.21766873817653
Classical Hero Academy,63.45741035210524
Classical Hero Academy,70.25620068273363
Classical Hero Academy,63.79196441354208
Classical Hero Academy,66.16887016567088
Classical Hero Academy,66.99968585720595
Gritty Realism,64.5064535140607
Gritty Realism,84.7022963559562
Gritty Realism,79.22698494269213
Gritty Realism,68.89490450390441
Gritty Realism,88.03051936855941
Gritty Realism,81.4117137718145
Gritty Realism,75.63942813606182
Gritty Realism,85.16100528836017
Gritty Realism,85.02506790026433
Gritty Realism,84.5726486530999
Gritty Realism,83.50912203280073
Gritty Realism,82.43134122830071
Gritty Realism,77.50470631538623
Gritty Realism,75.55229869008066
Gritty Realism,74.95623199190094
Gritty Realism,72.4423441686359
Gritty Realism,76.33666177584321
Gritty Realism,67.87682918745388
Gritty Realism,95.3516477227081
Gritty Realism,87.66369598643992
Gritty Realism,69.01513133437321
Gritty Realism,74.77692131760739
Gritty Realism,74.26675717101425
Gritty Realism,84.23972094669054
Gritty Realism,77.33304746822536
Anime-Inspired Intense,77.02654811195804
Anime-Inspired Intense,74.77162595721038
Anime-Inspired Intense,74.65703634166947
Anime-Inspired Intense,85.94881827211566
Anime-Inspired Intense,73.19383211472586
Anime-Inspired Intense,87.13176483543631
Anime-Inspired Intense,62.60997756615823
Anime-Inspired Intense,79.67690999708856
Anime-Inspired Intense,75.99083395075691
Anime-Inspired Intense,76.72753254995177
Anime-Inspired Intense,78.03711586207906
Anime-Inspired Intense,70.98141237512559
Anime-Inspired Intense,72.33434093064464
Anime-Inspired Intense,66.8513969351433
Anime-Inspired Intense,66.42567018819538
Anime-Inspired Intense,77.42822913123406
Anime-Inspired Intense,78.58567822903541
Anime-Inspired Intense,75.42403381384403
Anime-Inspired Intense,82.3781397430379
Anime-Inspired Intense,91.40067748501716
Anime-Inspired Intense,71.07175067154772
Anime-Inspired Intense,56.5266489948735
Anime-Inspired Intense,83.04590819569805
Anime-Inspired Intense,69.32639389934086
Anime-Inspired Intense,69.49593106826114
