archetype,menace_rating
Dark Lord,88.70958447146668
Dark Lord,69.35301828603912
Dark Lord,78.6312841133734
Dark Lord,81.3286260496104
Dark Lord,79.04268323141
Dark Lord,73.93875483908516
Dark Lord,90.11521997438939
Dark Lord,74.05340961586903
Dark Lord,95.18423713877041
Dark Lord,74.37285900947579
Dark Lord,88.04869654223485
Dark Lord,97.86645392701107
Dark Lord,61.11139298887661
Dark Lord,72.21211233182629
Dark Lord,73.66678663606342
Dark Lord,81.35950398070075
Dark Lord,72.15747078583928
Dark Lord,48.43544579095224
Dark Lord,50.59533071424481
Dark Lord,88.20113345730192
Dark Lord,71.93361405921526
Dark Lord,57.18691566019999
Dark Lord,73.2808264424038
Dark Lord,87.14674699172599
Dark Lord,93.95193461264965
Dark Lord,70.69530868393801
Dark Lord,72.42730617231071
Dark Lord,57.368369148052196
Dark Lord,79.60097354831271
Dark Lord,68.60005124039881
Misunderstood Anti-Hero,72.55450123241219
Misunderstood Anti-Hero,75.0483733722882
Misunderstood Anti-Hero,78.35103521969923
Misunderstood Anti-Hero,61.910736245927886
Misunderstood Anti-Hero,73.0495512329797
Misunderstood Anti-Hero,50.82991320926657
Misunderstood Anti-Hero,60.15540991620504
Misunderstood Anti-Hero,59.49092405823482
Misunderstood Anti-Hero,43.85792350053368
Misunderstood Anti-Hero,68.36122606892256
Misunderstood Anti-Hero,70.05998600200253
Misunderstood Anti-Hero,64.38942701451334
Misunderstood Anti-Hero,75.58163235699517
Misunderstood Anti-Hero,60.73295172923425
Misunderstood Anti-Hero,54.317189555807055
Misunderstood Anti-Hero,72.32818025888717
Misunderstood Anti-Hero,59.886068238133284
Misunderstood Anti-Hero,82.44101261721252
Misunderstood Anti-Hero,63.685537973866545
Misunderstood Anti-Hero,74.55647883402207
Misunderstood Anti-Hero,71.21925265203947
Misunderstood Anti-Hero,60.161610591196244
Misunderstood Anti-Hero,83.75727519791977
Misunderstood Anti-Hero,74.42899305717316
Misunderstood Anti-Hero,68.89760646599606
Misunderstood Anti-Hero,70.76550747291463
Misunderstood Anti-Hero,74.7928881605527
Misunderstood Anti-Hero,68.89832886579082
Misunderstood Anti-Hero,38.06909916847065
Misunderstood Anti-Hero,70.84882953530659
Comically Incompetent,41.32765357259024
Comically Incompetent,46.85230564865609
Comically Incompetent,50.81823727365507
Comically Incompetent,58.99736827292678
Comically Incompetent,37.72707940525535
Comically Incompetent,58.02542632044143
Comically Incompetent,48.358481197520746
Comically Incompetent,55.385060986976214
Comically Incompetent,54.207285682906466
Comically Incompetent,52.208781628668625
Comically Incompetent,34.56881061432145
Comically Incompetent,44.098136133892936
Comically Incompetent,51.23518161999544
Comically Incompetent,35.46476642227656
Comically Incompetent,39.57171185426143
Comically Incompetent,50.80996497681682
Comically Incompetent,52.68178737834591
Comically Incompetent,49.63767588540167
Comically Incompetent,36.142237025903206
Comically Incompetent,34.00219101352145
Comically Incompetent,60.12707009804928
Comically Incompetent,47.579214375320305
Comically Incompetent,45.88440229159586
Comically Incompetent,43.791034624609104
Comically Incompetent,33.05671104839472
Comically Incompetent,51.11996898040387
Comically Incompetent,42.82860154253479
Comically Incompetent,43.172432936680785
Comically Incompetent,54.3334632857116
Comically Incompetent,53.21773110508249
